{"Report":"d","agents":[{"AGENT_USER_NAME":"I0247336","AGENT_POSITION_ID":"71810","AGENT":"I0247336","COUNTER_ready_eff":"172660.0","Dial":4,"Non- prescriber":8,"id":71810,"Prescriber":0,"Nonprescriber":8,"name":"Chris M","ready_eff":47.961111111111,"status":25.020271052936,"icon":"icons\/ok.png"},{"AGENT_USER_NAME":"I0245805","AGENT_POSITION_ID":"71801","AGENT":"I0245805","COUNTER_ready_eff":"190080.0","Non- prescriber":7,"Dial":6,"id":71801,"Prescriber":0,"Nonprescriber":7,"name":"Melissa M","ready_eff":52.8,"status":24.621212121212,"icon":"icons\/ok.png"},{"AGENT_USER_NAME":"I0247440","AGENT_POSITION_ID":"71818","AGENT":"I0247440","COUNTER_ready_eff":"91590.0","Non- prescriber":7,"Dial":20,"Prescriber":1,"id":71818,"Nonprescriber":7,"name":"Emily Z","ready_eff":25.441666666667,"status":110.05568293482,"icon":"icons\/great.png"},{"AGENT_USER_NAME":"I0245370","AGENT_POSITION_ID":"71813","AGENT":"I0245370","COUNTER_ready_eff":"122870.0","Non- prescriber":10,"Dial":20,"Prescriber":1,"id":71813,"Nonprescriber":10,"name":"Caroline B","ready_eff":34.130555555556,"status":90.82770407748,"icon":"icons\/great.png"},{"AGENT_USER_NAME":"I0246487","AGENT_POSITION_ID":"71814","AGENT":"I0246487","COUNTER_ready_eff":"84250.0","Non- prescriber":6,"Dial":5,"id":71814,"Prescriber":0,"Nonprescriber":6,"name":"Rachel O","ready_eff":23.402777777778,"status":47.00296735905,"icon":"icons\/ok.png"},{"AGENT_USER_NAME":"I0250991","AGENT_POSITION_ID":"71811","AGENT":"I0250991","COUNTER_ready_eff":"68030.0","Non- prescriber":7,"Dial":9,"id":71811,"Prescriber":0,"Nonprescriber":7,"name":"Sarah H","ready_eff":18.897222222222,"status":84.668528590328,"icon":"icons\/great.png"},{"AGENT_USER_NAME":"I0244860","AGENT_POSITION_ID":"71812","AGENT":"I0244860","COUNTER_ready_eff":"80270.0","Non- prescriber":7,"Dial":4,"id":71812,"Prescriber":0,"Nonprescriber":7,"name":"Marissa C","ready_eff":22.297222222222,"status":49.333499439392,"icon":"icons\/ok.png"}],"count":7}