{"Report":"w","agents":[{"AGENT_USER_NAME":"I0245805","AGENT_POSITION_ID":"71801","AGENT":"I0245805","COUNTER_ready_eff":"680080.0","Dial":50,"Non- prescriber":40,"id":71801,"Prescriber":0,"Nonprescriber":40,"name":"Melissa M","ready_eff":188.91111111111,"status":47.641453946595,"icon":"icons\/ok.png"},{"AGENT_USER_NAME":"I0246487","AGENT_POSITION_ID":"71814","AGENT":"I0246487","COUNTER_ready_eff":"485620.0","Prescriber":1,"Dial":23,"Non- prescriber":39,"id":71814,"Nonprescriber":39,"name":"Rachel O","ready_eff":134.89444444444,"status":46.703183559161,"icon":"icons\/ok.png"},{"AGENT_USER_NAME":"I0247336","AGENT_POSITION_ID":"71810","AGENT":"I0247336","COUNTER_ready_eff":"669810.0","Non- prescriber":35,"Dial":38,"id":71810,"Prescriber":0,"Nonprescriber":35,"name":"Chris M","ready_eff":186.05833333333,"status":39.235006942267,"icon":"icons\/ok.png"},{"AGENT_USER_NAME":"I0247440","AGENT_POSITION_ID":"71818","AGENT":"I0247440","COUNTER_ready_eff":"416300.0","Prescriber":2,"Non- prescriber":29,"Dial":80,"id":71818,"Nonprescriber":29,"name":"Emily Z","ready_eff":115.63888888889,"status":95.988469853471,"icon":"icons\/great.png"},{"AGENT_USER_NAME":"I0247089","AGENT_POSITION_ID":"71816","AGENT":"I0247089","COUNTER_ready_eff":"490940.0","Prescriber":2,"Non- prescriber":37,"Dial":26,"id":71816,"Nonprescriber":37,"name":"Danielle K","ready_eff":136.37222222222,"status":47.663665621053,"icon":"icons\/ok.png"},{"AGENT_USER_NAME":"I0244860","AGENT_POSITION_ID":"71812","AGENT":"I0244860","COUNTER_ready_eff":"583730.0","Non- prescriber":49,"Dial":54,"id":71812,"Prescriber":0,"Nonprescriber":49,"name":"Marissa C","ready_eff":162.14722222222,"status":63.522518972813,"icon":"icons\/great.png"},{"AGENT_USER_NAME":"I0250991","AGENT_POSITION_ID":"71811","AGENT":"I0250991","COUNTER_ready_eff":"362490.0","Dial":60,"Non- prescriber":35,"id":71811,"Prescriber":0,"Nonprescriber":35,"name":"Sarah H","ready_eff":100.69166666667,"status":94.347430273939,"icon":"icons\/great.png"},{"AGENT_USER_NAME":"I0245370","AGENT_POSITION_ID":"71813","AGENT":"I0245370","COUNTER_ready_eff":"571780.0","Dial":57,"Non- prescriber":43,"id":71813,"Prescriber":0,"Nonprescriber":43,"name":"Caroline B","ready_eff":158.82777777778,"status":62.96127881353,"icon":"icons\/great.png"},{"AGENT_USER_NAME":"I0218894","AGENT_POSITION_ID":"71809","AGENT":"I0218894","COUNTER_ready_eff":"212160.0","Dial":2,"id":71809,"Prescriber":0,"Nonprescriber":0,"Non- Prescriber":0,"name":"Chelsea L","ready_eff":58.933333333333,"status":3.393665158371,"icon":"icons\/ok.png"}],"count":9}