[{"msg":"Good Luck Danielle on your Externship! Make BSR proud!!!","active":false},{"msg":"BSR Dashboard going LIVE!\n                                \n                            ","active":false},{"msg":"\n                                Check out the Knowledge Base.... You can add articles read \"Article creation\" and share your knowledge","active":false},{"msg":"As of 5:00 on Thursday we've sold 3230 doses of HD over the past 2 weeks! Chris is in the lead with 650 doses for this week and Marissa is in the lead with 4 orders!!!","active":false},{"msg":"Who can sell the most Fluzone HD heading into the Labor Day Weekend?? Whoever places the most orders by end of day Friday will win some MyAward Points!\u00a0","active":false},{"msg":"Chris, Emily and Rachel are on the board for new doses of HD this week. \u00a0Who will be next?!?!?","active":false},{"msg":"Rachel on the board with her 2nd order of the week - two more to go to win our weekly target! Let's go BSR!","active":false},{"msg":"BSR has 320 doses and 5 orders for the week. Chris is in the lead with 2 orders for 200 doses!!! Who is going to win this week?","active":false},{"msg":"BSR has sold 980 doses of HD for the week! Melissa is in the lead with an order of 400 doses, and Chris has the most orders. Who will win this week?","active":false},{"msg":"Congratulations Marissa on passing your final inservice!!! Way to go!","active":false},{"msg":"POA III is halfway done. How are your Menactra and Fluzone High Dose calls going? This afternoon we'll have more on Fluzone High Dose!","active":true}]